Httpd-Thread, Wrk-Thread, Wrk-Connection, Latency-Min, Latency-Max, Latency-Mean, Latency-StDev, Latency-50P, Latency-90P, Latency-99P, Latency-99.999P, Requests-Min, Requests-Max, Requests-Mean, Requests-StDev, Requests-50P, Requests-90P, Requests-99P, Requests-99.999P, Total-Duration, Total-Requests, Total-Bytes, Avg-Requests, Error-Connect, Error-Read, Error-Write, Error-Status>399, Error-Timeout
1, 4, 40, 58.000000, 2476.000000, 903.810384, 470.182055, 898.000000, 1536.000000, 1801.000000, 2477.000000, 100.000000, 555.000000, 269.141844, 92.690728, 222.000000, 444.000000, 500.000000, 555.000000, 59999281.000000, 59995.000000, 43376385.000000, 999.928649, 0.000000, 0.000000, 0.000000, 0.000000, 0.000000
1, 4, 40, 61.000000, 2296.000000, 898.583937, 411.125060, 897.000000, 1442.000000, 1853.000000, 2249.000000, 200.000000, 888.000000, 535.037167, 116.942882, 555.000000, 666.000000, 800.000000, 888.000000, 60001407.000000, 119976.000000, 86742648.000000, 1999.553110, 0.000000, 0.000000, 0.000000, 0.000000, 0.000000
1, 4, 40, 57.000000, 2246.000000, 872.150311, 448.217234, 858.000000, 1499.000000, 1960.000000, 2243.000000, 555.000000, 1000.000000, 788.040121, 84.273891, 800.000000, 900.000000, 1000.000000, 1000.000000, 59999402.000000, 179947.000000, 130101681.000000, 2999.146558, 0.000000, 0.000000, 0.000000, 0.000000, 0.000000
1, 4, 40, 61.000000, 2228.000000, 958.147621, 453.848033, 963.000000, 1552.000000, 1954.000000, 2217.000000, 555.000000, 1666.000000, 1064.942798, 131.285378, 1111.000000, 1200.000000, 1500.000000, 1666.000000, 60002662.000000, 239925.000000, 173465775.000000, 3998.572597, 0.000000, 0.000000, 0.000000, 0.000000, 0.000000
1, 4, 40, 56.000000, 2138.000000, 976.865056, 372.008043, 990.000000, 1467.000000, 1688.000000, 2093.000000, 909.000000, 2222.000000, 1336.801071, 309.637566, 1300.000000, 2000.000000, 2223.000000, 2223.000000, 60000572.000000, 297292.000000, 214942116.000000, 4954.819431, 0.000000, 0.000000, 0.000000, 0.000000, 0.000000
1, 4, 40, 59.000000, 2286.000000, 835.534663, 393.351412, 820.000000, 1336.000000, 1811.000000, 2243.000000, 909.000000, 2222.000000, 1602.078857, 260.556788, 1600.000000, 2000.000000, 2223.000000, 2223.000000, 60002788.000000, 358407.000000, 259128261.000000, 5973.172447, 0.000000, 0.000000, 0.000000, 0.000000, 0.000000
1, 4, 40, 55.000000, 3190.000000, 859.818418, 408.948194, 845.000000, 1363.000000, 1863.000000, 2285.000000, 909.000000, 2222.000000, 1853.302215, 234.961418, 1900.000000, 2111.000000, 2223.000000, 2223.000000, 60001132.000000, 418025.000000, 302232075.000000, 6966.951890, 0.000000, 0.000000, 0.000000, 0.000000, 0.000000
1, 4, 40, 57.000000, 2152.000000, 961.759046, 408.801065, 967.000000, 1510.000000, 1805.000000, 2109.000000, 1100.000000, 3222.000000, 2077.449066, 212.204781, 2000.000000, 2301.000000, 2701.000000, 3223.000000, 60002296.000000, 477741.000000, 345406743.000000, 7962.045319, 0.000000, 0.000000, 0.000000, 0.000000, 0.000000
1, 4, 40, 61.000000, 2442.000000, 925.446675, 406.482220, 923.000000, 1418.000000, 1946.000000, 2243.000000, 1818.000000, 3333.000000, 2367.877439, 251.351130, 2333.000000, 2667.000000, 3001.000000, 3333.000000, 60002636.000000, 537457.000000, 388581411.000000, 8957.223146, 0.000000, 0.000000, 0.000000, 0.000000, 0.000000
1, 4, 40, 60.000000, 4136.000000, 976.532385, 428.890532, 973.000000, 1565.000000, 1917.000000, 2277.000000, 2100.000000, 3222.000000, 2610.277583, 163.795591, 2601.000000, 2801.000000, 3001.000000, 3223.000000, 59999604.000000, 599774.000000, 433636602.000000, 9996.299309, 0.000000, 0.000000, 0.000000, 0.000000, 0.000000
1, 4, 40, 60.000000, 85696.000000, 992.799027, 901.344267, 973.000000, 1574.000000, 1882.000000, 82303.000000, 2100.000000, 7777.000000, 2869.646722, 173.236384, 2889.000000, 3111.000000, 3223.000000, 7779.000000, 59999674.000000, 659749.000000, 476998527.000000, 10995.876411, 0.000000, 0.000000, 0.000000, 0.000000, 0.000000
1, 4, 40, 56.000000, 3114.000000, 955.673247, 418.087095, 950.000000, 1511.000000, 1879.000000, 2183.000000, 2500.000000, 3888.000000, 3113.737519, 165.003717, 3101.000000, 3333.000000, 3445.000000, 3889.000000, 59999634.000000, 719722.000000, 520359006.000000, 11995.439839, 0.000000, 0.000000, 0.000000, 0.000000, 0.000000
1, 4, 40, 61.000000, 84096.000000, 928.454861, 616.559881, 914.000000, 1483.000000, 1812.000000, 75327.000000, 2700.000000, 6555.000000, 3352.702081, 168.747655, 3301.000000, 3555.000000, 3777.000000, 6555.000000, 59999641.000000, 779691.000000, 563716593.000000, 12994.927753, 0.000000, 0.000000, 0.000000, 0.000000, 0.000000
1, 4, 40, 59.000000, 2402.000000, 963.855180, 413.331008, 954.000000, 1521.000000, 1847.000000, 2243.000000, 3000.000000, 4222.000000, 3611.841058, 176.600656, 3601.000000, 3889.000000, 4111.000000, 4223.000000, 59999613.000000, 839669.000000, 607080687.000000, 13994.573598, 0.000000, 0.000000, 0.000000, 0.000000, 0.000000
1, 4, 40, 59.000000, 2802.000000, 983.323445, 417.622757, 975.000000, 1554.000000, 1879.000000, 2293.000000, 3100.000000, 4777.000000, 3904.949533, 195.931827, 3901.000000, 4203.000000, 4335.000000, 4779.000000, 59999577.000000, 899650.000000, 650446950.000000, 14994.272376, 0.000000, 0.000000, 0.000000, 0.000000, 0.000000
1, 4, 40, 60.000000, 2336.000000, 895.030957, 433.437403, 810.000000, 1537.000000, 1821.000000, 2267.000000, 3100.000000, 5222.000000, 4193.297452, 240.646268, 4103.000000, 4447.000000, 4703.000000, 5223.000000, 59999652.000000, 959618.000000, 693803814.000000, 15993.726097, 0.000000, 0.000000, 0.000000, 0.000000, 0.000000
1, 4, 40, 58.000000, 2376.000000, 942.073936, 413.951736, 939.000000, 1480.000000, 1847.000000, 2255.000000, 3400.000000, 5333.000000, 4399.627194, 234.514601, 4403.000000, 4667.000000, 5111.000000, 5335.000000, 59999438.000000, 1019592.000000, 737165016.000000, 16993.359171, 0.000000, 0.000000, 0.000000, 0.000000, 0.000000
1, 4, 40, 57.000000, 2864.000000, 899.519028, 410.372088, 901.000000, 1437.000000, 1808.000000, 2239.000000, 3800.000000, 5666.000000, 4709.914023, 248.259685, 4703.000000, 5003.000000, 5335.000000, 5667.000000, 59999736.000000, 1079574.000000, 780532002.000000, 17992.979169, 0.000000, 0.000000, 0.000000, 0.000000, 0.000000
1, 4, 40, 59.000000, 27664.000000, 881.085900, 412.061625, 877.000000, 1417.000000, 1663.000000, 21647.000000, 4000.000000, 6555.000000, 4979.052083, 227.535116, 5003.000000, 5223.000000, 5555.000000, 6555.000000, 59999366.000000, 1139542.000000, 823888866.000000, 18992.567355, 0.000000, 0.000000, 0.000000, 0.000000, 0.000000
1, 4, 40, 58.000000, 3220.000000, 906.145850, 422.797747, 883.000000, 1484.000000, 1759.000000, 2425.000000, 4400.000000, 6333.000000, 5305.156887, 248.621868, 5303.000000, 5555.000000, 6003.000000, 6335.000000, 59999643.000000, 1199529.000000, 867259467.000000, 19992.268954, 0.000000, 0.000000, 0.000000, 0.000000, 0.000000
1, 4, 40, 57.000000, 2468.000000, 899.110270, 410.317139, 886.000000, 1457.000000, 1735.000000, 2317.000000, 4636.000000, 6666.000000, 5541.218604, 252.822826, 5555.000000, 5891.000000, 6223.000000, 6667.000000, 59999443.000000, 1259500.000000, 910618500.000000, 20991.861541, 0.000000, 0.000000, 0.000000, 0.000000, 0.000000
1, 4, 40, 59.000000, 2408.000000, 928.689421, 416.597714, 907.000000, 1499.000000, 1799.000000, 2363.000000, 4700.000000, 7000.000000, 5834.268156, 289.134451, 5803.000000, 6223.000000, 6555.000000, 7003.000000, 59999542.000000, 1319484.000000, 953986932.000000, 21991.567869, 0.000000, 0.000000, 0.000000, 0.000000, 0.000000
1, 4, 40, 57.000000, 2532.000000, 921.775071, 405.920703, 901.000000, 1486.000000, 1789.000000, 2395.000000, 4818.000000, 7777.000000, 6087.058291, 342.206142, 6003.000000, 6555.000000, 6891.000000, 7779.000000, 59998882.000000, 1373462.000000, 993013026.000000, 22891.459878, 0.000000, 0.000000, 0.000000, 0.000000, 0.000000
1, 4, 40, 57.000000, 38112.000000, 956.516588, 514.066852, 939.000000, 1523.000000, 1834.000000, 36063.000000, 4000.000000, 12300.000000, 6374.361947, 367.342356, 6403.000000, 6779.000000, 7335.000000, 12303.000000, 59999208.000000, 1439422.000000, 1040702106.000000, 23990.683344, 0.000000, 0.000000, 0.000000, 0.000000, 0.000000
1, 4, 40, 58.000000, 2590.000000, 957.096328, 425.848313, 939.000000, 1540.000000, 1877.000000, 2471.000000, 5300.000000, 8000.000000, 6618.351662, 346.075724, 6667.000000, 7003.000000, 7555.000000, 8003.000000, 59998929.000000, 1499381.000000, 1084052463.000000, 24990.129407, 0.000000, 0.000000, 0.000000, 0.000000, 0.000000
1, 4, 40, 60.000000, 2674.000000, 960.927290, 432.722149, 939.000000, 1550.000000, 1919.000000, 2559.000000, 5500.000000, 8333.000000, 6876.688718, 347.045584, 6891.000000, 7335.000000, 7779.000000, 8335.000000, 59999297.000000, 1559371.000000, 1127425233.000000, 25989.821181, 0.000000, 0.000000, 0.000000, 0.000000, 0.000000
1, 4, 40, 60.000000, 2844.000000, 967.533797, 451.835865, 931.000000, 1593.000000, 1983.000000, 2613.000000, 5545.000000, 8888.000000, 7137.424659, 424.484106, 7103.000000, 7667.000000, 8223.000000, 8895.000000, 59999754.000000, 1612734.000000, 1166006682.000000, 26879.010204, 0.000000, 0.000000, 0.000000, 0.000000, 0.000000
1, 4, 40, 57.000000, 2996.000000, 980.980727, 449.463613, 943.000000, 1608.000000, 2049.000000, 2731.000000, 5900.000000, 8888.000000, 7387.515520, 425.223616, 7403.000000, 7891.000000, 8559.000000, 8895.000000, 59999787.000000, 1679334.000000, 1214158482.000000, 27988.999361, 0.000000, 0.000000, 0.000000, 0.000000, 0.000000
1, 4, 40, 58.000000, 3038.000000, 1028.245536, 471.127509, 1000.000000, 1669.000000, 2165.000000, 2863.000000, 6200.000000, 9111.000000, 7631.815786, 446.988731, 7603.000000, 8223.000000, 8783.000000, 9111.000000, 59999561.000000, 1739297.000000, 1257511731.000000, 28988.495432, 0.000000, 0.000000, 0.000000, 0.000000, 0.000000
1, 4, 40, 55.000000, 3322.000000, 1078.603787, 504.254089, 1053.000000, 1752.000000, 2357.000000, 3145.000000, 6000.000000, 9888.000000, 7890.625679, 473.269582, 7891.000000, 8559.000000, 9007.000000, 9895.000000, 59999632.000000, 1799269.000000, 1300871487.000000, 29988.000593, 0.000000, 0.000000, 0.000000, 0.000000, 0.000000
1, 4, 40, 58.000000, 3696.000000, 1101.196437, 517.767747, 1068.000000, 1787.000000, 2441.000000, 3231.000000, 6400.000000, 10222.000000, 8155.062946, 499.893435, 8111.000000, 8783.000000, 9447.000000, 10223.000000, 59999297.000000, 1859237.000000, 1344228351.000000, 30987.646405, 0.000000, 0.000000, 0.000000, 0.000000, 0.000000
1, 4, 40, 57.000000, 78976.000000, 1126.159152, 678.745330, 1086.000000, 1806.000000, 2515.000000, 70463.000000, 6500.000000, 13555.000000, 8421.664404, 513.954116, 8407.000000, 9111.000000, 9671.000000, 13559.000000, 59998986.000000, 1919207.000000, 1387586661.000000, 31987.323919, 0.000000, 0.000000, 0.000000, 0.000000, 0.000000
1, 4, 40, 58.000000, 3422.000000, 1181.010861, 557.873734, 1128.000000, 1912.000000, 2679.000000, 3331.000000, 6600.000000, 10666.000000, 8690.100458, 537.227742, 8671.000000, 9407.000000, 10007.000000, 10671.000000, 59999641.000000, 1979198.000000, 1430960154.000000, 32986.830705, 0.000000, 0.000000, 0.000000, 0.000000, 0.000000
1, 4, 40, 58.000000, 3788.000000, 1214.906809, 569.620686, 1156.000000, 1969.000000, 2735.000000, 3405.000000, 7100.000000, 11222.000000, 8967.466325, 562.904656, 8903.000000, 9671.000000, 10335.000000, 11223.000000, 59999371.000000, 2039159.000000, 1474311957.000000, 33986.339623, 0.000000, 0.000000, 0.000000, 0.000000, 0.000000
1, 4, 40, 58.000000, 3462.000000, 1207.833804, 562.878142, 1152.000000, 1951.000000, 2709.000000, 3385.000000, 7100.000000, 11666.000000, 9222.086882, 576.336897, 9207.000000, 10007.000000, 10671.000000, 11671.000000, 59999520.000000, 2099146.000000, 1517682558.000000, 34986.046555, 0.000000, 0.000000, 0.000000, 0.000000, 0.000000
1, 4, 40, 59.000000, 3560.000000, 1221.114012, 565.729754, 1168.000000, 1973.000000, 2693.000000, 3429.000000, 7400.000000, 11888.000000, 9495.561400, 603.233113, 9503.000000, 10223.000000, 11007.000000, 11895.000000, 59999485.000000, 2159106.000000, 1561033638.000000, 35985.408875, 0.000000, 0.000000, 0.000000, 0.000000, 0.000000
1, 4, 40, 58.000000, 77376.000000, 1230.278268, 778.051820, 1173.000000, 2003.000000, 2721.000000, 71551.000000, 7500.000000, 18111.000000, 9756.001610, 645.257834, 9783.000000, 10559.000000, 11335.000000, 18111.000000, 59999363.000000, 2219092.000000, 1604403516.000000, 36985.259327, 0.000000, 0.000000, 0.000000, 0.000000, 0.000000
1, 4, 40, 58.000000, 4204.000000, 1225.908764, 586.249255, 1180.000000, 2022.000000, 2709.000000, 3555.000000, 7818.000000, 12888.000000, 10012.915447, 655.955844, 10007.000000, 10895.000000, 11671.000000, 12895.000000, 59999754.000000, 2279073.000000, 1647769779.000000, 37984.705737, 0.000000, 0.000000, 0.000000, 0.000000, 0.000000
1, 4, 40, 59.000000, 49728.000000, 1217.910702, 621.208413, 1171.000000, 2007.000000, 2697.000000, 41631.000000, 7700.000000, 15444.000000, 10275.931187, 696.397508, 10223.000000, 11207.000000, 12007.000000, 15447.000000, 59999019.000000, 2339030.000000, 1691118690.000000, 38984.470729, 0.000000, 0.000000, 0.000000, 0.000000, 0.000000
1, 4, 40, 57.000000, 3708.000000, 1232.588273, 592.727980, 1189.000000, 2047.000000, 2699.000000, 3595.000000, 8100.000000, 13333.000000, 10536.668344, 719.492198, 10503.000000, 11447.000000, 12335.000000, 13335.000000, 59999332.000000, 2399015.000000, 1734487845.000000, 39984.028489, 0.000000, 0.000000, 0.000000, 0.000000, 0.000000
1, 4, 40, 58.000000, 3678.000000, 1241.063233, 589.603576, 1197.000000, 2053.000000, 2715.000000, 3587.000000, 8200.000000, 13666.000000, 10804.917954, 750.642307, 10807.000000, 11783.000000, 12671.000000, 13671.000000, 59999622.000000, 2458988.000000, 1777848324.000000, 40983.391529, 0.000000, 0.000000, 0.000000, 0.000000, 0.000000
1, 4, 40, 57.000000, 45952.000000, 1242.951095, 653.379854, 1195.000000, 2051.000000, 2709.000000, 42431.000000, 8300.000000, 18000.000000, 11065.824618, 790.750420, 11007.000000, 12111.000000, 13007.000000, 18015.000000, 59999332.000000, 2518960.000000, 1821208080.000000, 41983.134079, 0.000000, 0.000000, 0.000000, 0.000000, 0.000000
1, 4, 40, 60.000000, 3778.000000, 1253.380751, 591.120101, 1204.000000, 2069.000000, 2733.000000, 3597.000000, 8545.000000, 14666.000000, 11337.477430, 833.461228, 11303.000000, 12447.000000, 13335.000000, 14671.000000, 59998813.000000, 2578919.000000, 1864558437.000000, 42982.833677, 0.000000, 0.000000, 0.000000, 0.000000, 0.000000
1, 4, 40, 59.000000, 4136.000000, 1264.735648, 595.006411, 1211.000000, 2085.000000, 2765.000000, 3683.000000, 8600.000000, 15000.000000, 11601.792965, 874.989683, 11607.000000, 12783.000000, 13671.000000, 15007.000000, 59999272.000000, 2638925.000000, 1907942775.000000, 43982.616989, 0.000000, 0.000000, 0.000000, 0.000000, 0.000000
1, 4, 40, 58.000000, 3788.000000, 1256.022278, 592.254873, 1202.000000, 2069.000000, 2765.000000, 3633.000000, 9100.000000, 15444.000000, 11862.203971, 906.486165, 11807.000000, 13007.000000, 14007.000000, 15447.000000, 59999547.000000, 2698848.000000, 1951267104.000000, 44981.139608, 0.000000, 0.000000, 0.000000, 0.000000, 0.000000
1, 4, 40, 61.000000, 28848.000000, 1258.971413, 605.674376, 1197.000000, 2069.000000, 2785.000000, 24607.000000, 9000.000000, 16777.000000, 12128.771009, 938.312307, 12103.000000, 13335.000000, 14335.000000, 16783.000000, 59998881.000000, 2746843.000000, 1985967489.000000, 45781.570493, 0.000000, 0.000000, 0.000000, 0.000000, 0.000000
1, 4, 40, 58.000000, 17504.000000, 1267.548850, 602.269570, 1202.000000, 2095.000000, 2821.000000, 14391.000000, 9100.000000, 17111.000000, 12394.028435, 969.901364, 12335.000000, 13671.000000, 14671.000000, 17119.000000, 59999151.000000, 2818848.000000, 2038027104.000000, 46981.464788, 0.000000, 0.000000, 0.000000, 0.000000, 0.000000
1, 4, 40, 59.000000, 75392.000000, 1274.831981, 972.900765, 1193.000000, 2087.000000, 2831.000000, 72703.000000, 8800.000000, 18555.000000, 12657.024069, 994.644237, 12607.000000, 14007.000000, 15007.000000, 18559.000000, 59999520.000000, 2878800.000000, 2081372400.000000, 47980.383843, 0.000000, 0.000000, 0.000000, 0.000000, 0.000000
1, 4, 40, 61.000000, 3880.000000, 1257.740773, 594.691171, 1184.000000, 2083.000000, 2837.000000, 3723.000000, 9600.000000, 16888.000000, 12921.485255, 1007.080033, 12895.000000, 14223.000000, 15335.000000, 16895.000000, 59999008.000000, 2938736.000000, 2124706128.000000, 48979.743132, 0.000000, 0.000000, 0.000000, 0.000000, 0.000000
1, 4, 40, 54.000000, 3968.000000, 1255.454269, 595.600807, 1178.000000, 2081.000000, 2845.000000, 3715.000000, 9800.000000, 17222.000000, 13181.207134, 1024.270920, 13111.000000, 14503.000000, 15671.000000, 17231.000000, 59999511.000000, 2998740.000000, 2168089020.000000, 49979.407332, 0.000000, 0.000000, 0.000000, 0.000000, 0.000000
1, 4, 40, 59.000000, 46784.000000, 1246.321535, 676.214964, 1160.000000, 2063.000000, 2839.000000, 43327.000000, 9111.000000, 20444.000000, 13449.517124, 1058.951488, 13407.000000, 14807.000000, 15895.000000, 20447.000000, 59999649.000000, 3058759.000000, 2211482757.000000, 50979.614897, 0.000000, 0.000000, 0.000000, 0.000000, 0.000000
1, 4, 40, 61.000000, 86144.000000, 1251.553142, 982.960708, 1155.000000, 2063.000000, 2841.000000, 80639.000000, 9800.000000, 20666.000000, 13718.395341, 1083.453345, 13671.000000, 15111.000000, 16223.000000, 20671.000000, 59999552.000000, 3118698.000000, 2254818654.000000, 51978.688108, 0.000000, 0.000000, 0.000000, 0.000000, 0.000000
1, 4, 40, 58.000000, 94464.000000, 1251.283968, 1020.173700, 1148.000000, 2057.000000, 2847.000000, 90431.000000, 9900.000000, 18666.000000, 13980.169862, 1081.758506, 13903.000000, 15447.000000, 16559.000000, 18671.000000, 59998832.000000, 3164899.000000, 2288221977.000000, 52749.343521, 0.000000, 0.000000, 0.000000, 0.000000, 0.000000
1, 4, 40, 60.000000, 81408.000000, 1239.573338, 1151.495130, 1124.000000, 2022.000000, 2809.000000, 80255.000000, 9666.000000, 18444.000000, 14246.385592, 1024.384939, 14207.000000, 15559.000000, 16783.000000, 18447.000000, 59998619.000000, 3238689.000000, 2341572147.000000, 53979.392426, 0.000000, 0.000000, 0.000000, 0.000000, 0.000000
1, 4, 40, 61.000000, 38112.000000, 1224.588204, 601.480539, 1125.000000, 2029.000000, 2815.000000, 36575.000000, 10800.000000, 18555.000000, 14513.269125, 1053.331234, 14447.000000, 15783.000000, 17119.000000, 18559.000000, 59998708.000000, 3284350.000000, 2374585050.000000, 54740.345409, 0.000000, 0.000000, 0.000000, 0.000000, 0.000000
1, 4, 40, 64.000000, 22800.000000, 1217.250371, 558.506132, 1112.000000, 2003.000000, 2779.000000, 18287.000000, 10200.000000, 18888.000000, 14768.033495, 1108.050428, 14783.000000, 16111.000000, 17455.000000, 18895.000000, 59998746.000000, 3358576.000000, 2428250448.000000, 55977.436595, 0.000000, 0.000000, 0.000000, 0.000000, 0.000000
1, 4, 40, 61.000000, 76480.000000, 1234.313044, 1194.081507, 1104.000000, 1994.000000, 2793.000000, 75135.000000, 10800.000000, 19555.000000, 15032.294766, 1182.159071, 15007.000000, 16671.000000, 17791.000000, 19567.000000, 59998790.000000, 3403752.000000, 2460912696.000000, 56730.344062, 0.000000, 0.000000, 0.000000, 0.000000, 0.000000
1, 4, 40, 66.000000, 3984.000000, 1213.955504, 535.388234, 1101.000000, 1989.000000, 2775.000000, 3765.000000, 11700.000000, 19111.000000, 15299.634159, 1167.121469, 15303.000000, 16895.000000, 17791.000000, 19119.000000, 59998697.000000, 3478558.000000, 2514997434.000000, 57977.225739, 0.000000, 0.000000, 0.000000, 0.000000, 0.000000
1, 4, 40, 64.000000, 14872.000000, 1235.564563, 554.445440, 1109.000000, 2019.000000, 2845.000000, 14271.000000, 11700.000000, 19111.000000, 15567.701507, 1076.378204, 15407.000000, 16895.000000, 17567.000000, 19119.000000, 59998821.000000, 3538538.000000, 2558362974.000000, 58976.792227, 0.000000, 0.000000, 0.000000, 0.000000, 0.000000
1, 4, 40, 64.000000, 45312.000000, 1266.700516, 976.250265, 1121.000000, 2029.000000, 2873.000000, 45087.000000, 10400.000000, 18555.000000, 15830.714271, 1015.047990, 15607.000000, 17007.000000, 17567.000000, 18559.000000, 59998753.000000, 3598506.000000, 2601719838.000000, 59976.346508, 0.000000, 0.000000, 0.000000, 0.000000, 0.000000
1, 4, 40, 309.000000, 226944.000000, 23544.239985, 36184.885576, 10119.000000, 66943.000000, 171263.000000, 226687.000000, 13656.000000, 17295.000000, 15452.401285, 218.037578, 15431.000000, 15743.000000, 15815.000000, 17295.000000, 59998776.000000, 3655576.000000, 2642981448.000000, 60927.509588, 0.000000, 0.000000, 0.000000, 0.000000, 0.000000
1, 4, 40, 169600.000000, 1136640.000000, 635912.217584, 247770.515698, 642559.000000, 973311.000000, 1073151.000000, 1136639.000000, 15100.000000, 15401.000000, 15255.906977, 41.649942, 15263.000000, 15303.000000, 15367.000000, 15407.000000, 59998776.000000, 3653320.000000, 2641350360.000000, 60889.908821, 0.000000, 0.000000, 0.000000, 0.000000, 0.000000
1, 4, 40, 211968.000000, 1196032.000000, 703218.291013, 274957.075314, 695295.000000, 1085439.000000, 1169407.000000, 1196031.000000, 15367.000000, 15603.000000, 15468.093385, 39.900155, 15471.000000, 15519.000000, 15583.000000, 15607.000000, 59998735.000000, 3704424.000000, 2678298552.000000, 61741.701721, 0.000000, 0.000000, 0.000000, 0.000000, 0.000000
1, 4, 40, 383488.000000, 3203072.000000, 1647053.176490, 718741.470991, 1637375.000000, 2635775.000000, 2971647.000000, 3205119.000000, 15138.000000, 15341.000000, 15223.517510, 35.241699, 15223.000000, 15271.000000, 15327.000000, 15343.000000, 59998702.000000, 3637569.000000, 2629962387.000000, 60627.461574, 0.000000, 0.000000, 0.000000, 0.000000, 0.000000
1, 4, 40, 435200.000000, 3094528.000000, 1760667.067212, 742994.898910, 1765375.000000, 2789375.000000, 3039231.000000, 3096575.000000, 15360.000000, 15479.000000, 15418.413502, 20.601450, 15423.000000, 15447.000000, 15471.000000, 15479.000000, 59998616.000000, 3683134.000000, 2662905882.000000, 61386.982660, 0.000000, 0.000000, 0.000000, 0.000000, 0.000000
1, 4, 40, 615936.000000, 4669440.000000, 2573905.338887, 1094074.039111, 2574335.000000, 4087807.000000, 4472831.000000, 4669439.000000, 15212.000000, 15304.000000, 15255.753086, 20.077339, 15255.000000, 15287.000000, 15303.000000, 15311.000000, 59998783.000000, 3647167.000000, 2636901741.000000, 60787.349637, 0.000000, 0.000000, 0.000000, 0.000000, 0.000000
1, 4, 40, 893952.000000, 5795840.000000, 3239925.440486, 1340045.334730, 3231743.000000, 5103615.000000, 5537791.000000, 5799935.000000, 15118.000000, 15321.000000, 15197.982906, 23.986457, 15199.000000, 15231.000000, 15247.000000, 15327.000000, 59998778.000000, 3644938.000000, 2635290174.000000, 60750.203946, 0.000000, 0.000000, 0.000000, 0.000000, 0.000000
1, 4, 40, 998912.000000, 6057984.000000, 3507330.181287, 1456962.137483, 3508223.000000, 5529599.000000, 5988351.000000, 6062079.000000, 15219.000000, 15360.000000, 15291.259259, 35.218464, 15287.000000, 15335.000000, 15359.000000, 15367.000000, 59998691.000000, 3667912.000000, 2651900376.000000, 61133.200389, 0.000000, 0.000000, 0.000000, 0.000000, 0.000000
1, 4, 40, 1138688.000000, 7000064.000000, 4048556.304873, 1667292.091704, 4048895.000000, 6356991.000000, 6889471.000000, 7000063.000000, 15206.000000, 15335.000000, 15256.434783, 23.215111, 15263.000000, 15287.000000, 15311.000000, 15335.000000, 59998716.000000, 3659109.000000, 2645535807.000000, 60986.455110, 0.000000, 0.000000, 0.000000, 0.000000, 0.000000
1, 4, 40, 1362944.000000, 8413184.000000, 4872034.310275, 2003149.474120, 4882431.000000, 7643135.000000, 8241151.000000, 8413183.000000, 15048.000000, 15146.000000, 15077.368421, 21.614348, 15071.000000, 15103.000000, 15143.000000, 15151.000000, 59998839.000000, 3617432.000000, 2615403336.000000, 60291.699978, 0.000000, 0.000000, 0.000000, 0.000000, 0.000000
1, 4, 40, 1186816.000000, 7852032.000000, 4509530.807195, 1919078.453678, 4513791.000000, 7167999.000000, 7761919.000000, 7856127.000000, 15361.000000, 15441.000000, 15395.652174, 16.509836, 15399.000000, 15415.000000, 15447.000000, 15447.000000, 59998745.000000, 3685103.000000, 2664329469.000000, 61419.668028, 0.000000, 0.000000, 0.000000, 0.000000, 0.000000
1, 4, 40, 1504256.000000, 9478144.000000, 5349530.344773, 2199010.569502, 5353471.000000, 8396799.000000, 9101311.000000, 9478143.000000, 15227.000000, 15307.000000, 15258.492754, 15.425955, 15263.000000, 15279.000000, 15295.000000, 15311.000000, 59998798.000000, 3658914.000000, 2645394822.000000, 60983.121695, 0.000000, 0.000000, 0.000000, 0.000000, 0.000000
1, 4, 40, 1551360.000000, 9330688.000000, 5423618.778514, 2231454.790550, 5423103.000000, 8519679.000000, 9224191.000000, 9338879.000000, 15352.000000, 15460.000000, 15427.647059, 17.699921, 15431.000000, 15447.000000, 15463.000000, 15463.000000, 59998742.000000, 3699445.000000, 2674698735.000000, 61658.709444, 0.000000, 0.000000, 0.000000, 0.000000, 0.000000
1, 4, 40, 1633280.000000, 9928704.000000, 5785361.107545, 2373758.284371, 5791743.000000, 9076735.000000, 9814015.000000, 9928703.000000, 15410.000000, 15480.000000, 15453.125000, 19.435390, 15463.000000, 15479.000000, 15479.000000, 15487.000000, 59998748.000000, 3706467.000000, 2679775641.000000, 61775.739054, 0.000000, 0.000000, 0.000000, 0.000000, 0.000000
1, 4, 40, 1695744.000000, 11444224.000000, 6576101.623488, 2789690.975338, 6586367.000000, 10436607.000000, 11304959.000000, 11452415.000000, 15086.000000, 15173.000000, 15128.063492, 19.692778, 15135.000000, 15159.000000, 15175.000000, 15175.000000, 59998837.000000, 3624377.000000, 2620424571.000000, 60407.454231, 0.000000, 0.000000, 0.000000, 0.000000, 0.000000
1, 4, 40, 1817600.000000, 11960320.000000, 6705361.566789, 2777172.075055, 6696959.000000, 10551295.000000, 11501567.000000, 11968511.000000, 15287.000000, 15423.000000, 15349.428571, 34.379633, 15351.000000, 15399.000000, 15423.000000, 15423.000000, 59998749.000000, 3682535.000000, 2662472805.000000, 61376.863041, 0.000000, 0.000000, 0.000000, 0.000000, 0.000000
1, 4, 40, 2080768.000000, 13352960.000000, 7555014.674203, 3119439.891600, 7553023.000000, 11878399.000000, 12894207.000000, 13352959.000000, 15041.000000, 15169.000000, 15093.500000, 31.566068, 15087.000000, 15143.000000, 15175.000000, 15175.000000, 59998810.000000, 3620454.000000, 2617588242.000000, 60342.096785, 0.000000, 0.000000, 0.000000, 0.000000, 0.000000
1, 4, 40, 1968128.000000, 13230080.000000, 7549399.790865, 3193718.826558, 7548927.000000, 11976703.000000, 12992511.000000, 13230079.000000, 15146.000000, 15219.000000, 15178.518519, 15.931265, 15183.000000, 15199.000000, 15215.000000, 15223.000000, 59998664.000000, 3637201.000000, 2629696323.000000, 60621.366502, 0.000000, 0.000000, 0.000000, 0.000000, 0.000000
1, 4, 40, 2043904.000000, 13410304.000000, 7720748.319872, 3262980.960734, 7729151.000000, 12247039.000000, 13262847.000000, 13410303.000000, 15242.000000, 15310.000000, 15277.230769, 17.707686, 15279.000000, 15303.000000, 15311.000000, 15311.000000, 59998800.000000, 3662717.000000, 2648144391.000000, 61046.504263, 0.000000, 0.000000, 0.000000, 0.000000, 0.000000
1, 4, 40, 2199552.000000, 14647296.000000, 8381329.781401, 3564927.503173, 8376319.000000, 13328383.000000, 14450687.000000, 14647295.000000, 15019.000000, 15102.000000, 15057.000000, 20.305993, 15055.000000, 15095.000000, 15103.000000, 15103.000000, 59998807.000000, 3611179.000000, 2610882417.000000, 60187.513395, 0.000000, 0.000000, 0.000000, 0.000000, 0.000000
1, 4, 40, 2252800.000000, 14811136.000000, 8534804.189688, 3610722.484581, 8544255.000000, 13533183.000000, 14655487.000000, 14811135.000000, 15129.000000, 15258.000000, 15185.166667, 34.117037, 15191.000000, 15231.000000, 15263.000000, 15263.000000, 59998723.000000, 3640031.000000, 2631742413.000000, 60668.474561, 0.000000, 0.000000, 0.000000, 0.000000, 0.000000
1, 4, 40, 2357248.000000, 15474688.000000, 8886147.556392, 3767537.585168, 8904703.000000, 14098431.000000, 15278079.000000, 15474687.000000, 15071.000000, 15264.000000, 15152.545455, 49.854996, 15143.000000, 15215.000000, 15271.000000, 15271.000000, 59998791.000000, 3613529.000000, 2612581467.000000, 60226.696901, 0.000000, 0.000000, 0.000000, 0.000000, 0.000000
1, 4, 40, 2686976.000000, 16334848.000000, 9474975.201908, 3897589.650685, 9478143.000000, 14876671.000000, 16097279.000000, 16334847.000000, 15096.000000, 15164.000000, 15138.000000, 17.686153, 15143.000000, 15159.000000, 15167.000000, 15167.000000, 59998770.000000, 3631313.000000, 2625439299.000000, 60523.124057, 0.000000, 0.000000, 0.000000, 0.000000, 0.000000
1, 4, 40, 2707456.000000, 16293888.000000, 9502900.773644, 3921943.429777, 9502719.000000, 14942207.000000, 16154623.000000, 16302079.000000, 15267.000000, 15321.000000, 15293.600000, 18.521339, 15295.000000, 15327.000000, 15327.000000, 15327.000000, 59998724.000000, 3669748.000000, 2653227804.000000, 61163.767416, 0.000000, 0.000000, 0.000000, 0.000000, 0.000000
1, 4, 40, 2762752.000000, 16449536.000000, 9601997.930726, 3935282.499667, 9617407.000000, 15056895.000000, 16277503.000000, 16449535.000000, 15404.000000, 15470.000000, 15446.200000, 18.241710, 15447.000000, 15471.000000, 15471.000000, 15471.000000, 59998765.000000, 3702760.000000, 2677095480.000000, 61713.936945, 0.000000, 0.000000, 0.000000, 0.000000, 0.000000
1, 4, 40, 2594816.000000, 17104896.000000, 9870400.565506, 4176871.238757, 9879551.000000, 15654911.000000, 16941055.000000, 17121279.000000, 15254.000000, 15304.000000, 15278.400000, 12.419340, 15279.000000, 15295.000000, 15311.000000, 15311.000000, 59998631.000000, 3666520.000000, 2650893960.000000, 61110.060995, 0.000000, 0.000000, 0.000000, 0.000000, 0.000000
1, 4, 40, 2965504.000000, 17842176.000000, 10387428.861582, 4274914.743752, 10387455.000000, 16310271.000000, 17645567.000000, 17842175.000000, 15277.000000, 15357.000000, 15302.222222, 17.849854, 15303.000000, 15327.000000, 15359.000000, 15359.000000, 59998880.000000, 3670730.000000, 2653937790.000000, 61179.975360, 0.000000, 0.000000, 0.000000, 0.000000, 0.000000
1, 4, 40, 2926592.000000, 17809408.000000, 10335681.788296, 4253408.317330, 10338303.000000, 16228351.000000, 17563647.000000, 17825791.000000, 15488.000000, 15531.000000, 15511.555556, 12.988124, 15511.000000, 15527.000000, 15535.000000, 15535.000000, 59998819.000000, 3720039.000000, 2689588197.000000, 62001.870403, 0.000000, 0.000000, 0.000000, 0.000000, 0.000000
1, 4, 40, 3153920.000000, 19251200.000000, 11128434.832055, 4587639.258464, 11132927.000000, 17498111.000000, 18923519.000000, 19267583.000000, 15143.000000, 15202.000000, 15172.000000, 14.832397, 15175.000000, 15199.000000, 15207.000000, 15207.000000, 59998794.000000, 3640624.000000, 2632171152.000000, 60678.286300, 0.000000, 0.000000, 0.000000, 0.000000, 0.000000
1, 4, 40, 3135488.000000, 18907136.000000, 10991444.056925, 4527917.780130, 10993663.000000, 17268735.000000, 18677759.000000, 18923519.000000, 15422.000000, 15450.000000, 15435.000000, 7.681146, 15439.000000, 15447.000000, 15455.000000, 15455.000000, 59998822.000000, 3702781.000000, 2677110663.000000, 61714.228323, 0.000000, 0.000000, 0.000000, 0.000000, 0.000000
1, 4, 40, 3291136.000000, 19742720.000000, 11506895.999213, 4737539.205471, 11509759.000000, 18087935.000000, 19562495.000000, 19759103.000000, 15237.000000, 15299.000000, 15273.250000, 13.799909, 15271.000000, 15303.000000, 15303.000000, 15303.000000, 59998869.000000, 3663776.000000, 2648910048.000000, 61064.084391, 0.000000, 0.000000, 0.000000, 0.000000, 0.000000
1, 4, 40, 3397632.000000, 20643840.000000, 12010318.584428, 4948158.383891, 12017663.000000, 18874367.000000, 20414463.000000, 20660223.000000, 15089.000000, 15129.000000, 15107.750000, 11.744680, 15111.000000, 15127.000000, 15135.000000, 15135.000000, 59998769.000000, 3624177.000000, 2620279971.000000, 60404.189293, 0.000000, 0.000000, 0.000000, 0.000000, 0.000000
1, 4, 40, 3434496.000000, 20578304.000000, 11999049.276452, 4942115.418374, 12009471.000000, 18857983.000000, 20398079.000000, 20578303.000000, 15250.000000, 15314.000000, 15287.250000, 15.343973, 15295.000000, 15311.000000, 15319.000000, 15319.000000, 59998706.000000, 3666247.000000, 2650696581.000000, 61105.434507, 0.000000, 0.000000, 0.000000, 0.000000, 0.000000
1, 4, 40, 3569664.000000, 21495808.000000, 12510457.727708, 5164696.545808, 12509183.000000, 19677183.000000, 21282815.000000, 21512191.000000, 15058.000000, 15132.000000, 15087.142857, 20.985904, 15087.000000, 15135.000000, 15135.000000, 15135.000000, 59998919.000000, 3620303.000000, 2617479069.000000, 60339.470449, 0.000000, 0.000000, 0.000000, 0.000000, 0.000000
1, 4, 40, 3477504.000000, 20873216.000000, 12172621.718880, 5007232.483110, 12173311.000000, 19120127.000000, 20692991.000000, 20889599.000000, 15481.000000, 15528.000000, 15502.000000, 12.939419, 15503.000000, 15519.000000, 15535.000000, 15535.000000, 59998780.000000, 3716726.000000, 2687192898.000000, 61946.692916, 0.000000, 0.000000, 0.000000, 0.000000, 0.000000
1, 4, 40, 3647488.000000, 22298624.000000, 12918553.393577, 5323138.542429, 12926975.000000, 20299775.000000, 21970943.000000, 22298623.000000, 15115.000000, 15168.000000, 15143.428571, 15.333038, 15151.000000, 15167.000000, 15175.000000, 15175.000000, 59998788.000000, 3632979.000000, 2626643817.000000, 60550.873128, 0.000000, 0.000000, 0.000000, 0.000000, 0.000000
1, 4, 40, 3340288.000000, 22167552.000000, 12775864.308544, 5363432.873133, 12779519.000000, 20201471.000000, 21889023.000000, 22167551.000000, 15207.000000, 15261.000000, 15232.413793, 16.217311, 15239.000000, 15255.000000, 15263.000000, 15263.000000, 59998819.000000, 3652404.000000, 2640688092.000000, 60874.598215, 0.000000, 0.000000, 0.000000, 0.000000, 0.000000
1, 4, 40, 3414016.000000, 22560768.000000, 13045985.236444, 5475842.015617, 13058047.000000, 20643839.000000, 22331391.000000, 22577151.000000, 15180.000000, 15241.000000, 15197.931034, 13.062003, 15199.000000, 15215.000000, 15247.000000, 15247.000000, 59998825.000000, 3646083.000000, 2636118009.000000, 60769.240064, 0.000000, 0.000000, 0.000000, 0.000000, 0.000000
1, 4, 40, 3461120.000000, 22872064.000000, 13164750.024571, 5529420.863962, 13164543.000000, 20840447.000000, 22577151.000000, 22872063.000000, 15219.000000, 15290.000000, 15256.965517, 20.196420, 15263.000000, 15287.000000, 15295.000000, 15295.000000, 59998735.000000, 3660627.000000, 2646633321.000000, 61011.736331, 0.000000, 0.000000, 0.000000, 0.000000, 0.000000
1, 4, 40, 3835904.000000, 22953984.000000, 13391300.398754, 5508845.431881, 13402111.000000, 21037055.000000, 22757375.000000, 22970367.000000, 15431.000000, 15463.000000, 15446.857143, 8.339725, 15447.000000, 15463.000000, 15463.000000, 15463.000000, 59998873.000000, 3704114.000000, 2678074422.000000, 61736.392949, 0.000000, 0.000000, 0.000000, 0.000000, 0.000000
1, 4, 40, 3872768.000000, 23363584.000000, 13592898.684388, 5595148.737161, 13590527.000000, 21364735.000000, 23101439.000000, 23379967.000000, 15115.000000, 15168.000000, 15143.142857, 16.190196, 15143.000000, 15167.000000, 15175.000000, 15175.000000, 59998895.000000, 3631670.000000, 2625697410.000000, 60528.948075, 0.000000, 0.000000, 0.000000, 0.000000, 0.000000
1, 4, 40, 3780608.000000, 22675456.000000, 13215773.205555, 5443923.502581, 13213695.000000, 20774911.000000, 22478847.000000, 22691839.000000, 15230.000000, 15270.000000, 15250.000000, 12.398157, 15247.000000, 15271.000000, 15271.000000, 15271.000000, 59998740.000000, 3657705.000000, 2644520715.000000, 60963.030224, 0.000000, 0.000000, 0.000000, 0.000000, 0.000000
1, 4, 40, 3584000.000000, 21676032.000000, 12627849.024174, 5204883.607817, 12632063.000000, 19841023.000000, 21479423.000000, 21692415.000000, 15477.000000, 15518.000000, 15498.857143, 9.731078, 15503.000000, 15511.000000, 15519.000000, 15519.000000, 59998859.000000, 3718295.000000, 2688327285.000000, 61972.761849, 0.000000, 0.000000, 0.000000, 0.000000, 0.000000
1, 4, 40, 3512320.000000, 21495808.000000, 12375441.713367, 5100114.342799, 12378111.000000, 19447807.000000, 21037055.000000, 21495807.000000, 15487.000000, 15529.000000, 15514.000000, 12.023786, 15519.000000, 15527.000000, 15535.000000, 15535.000000, 59998785.000000, 3721369.000000, 2690549787.000000, 62024.072654, 0.000000, 0.000000, 0.000000, 0.000000, 0.000000
1, 4, 40, 3178496.000000, 21037056.000000, 12090823.776014, 5085863.735232, 12099583.000000, 19136511.000000, 20725759.000000, 21053439.000000, 15358.000000, 15413.000000, 15383.500000, 18.214006, 15383.000000, 15415.000000, 15415.000000, 15415.000000, 59998779.000000, 3690226.000000, 2668033398.000000, 61505.018294, 0.000000, 0.000000, 0.000000, 0.000000, 0.000000
1, 4, 40, 3502080.000000, 21004288.000000, 12230820.195100, 5034917.379201, 12230655.000000, 19218431.000000, 20791295.000000, 21020671.000000, 15272.000000, 15314.000000, 15292.285714, 11.804530, 15295.000000, 15311.000000, 15319.000000, 15319.000000, 59998762.000000, 3667844.000000, 2651851212.000000, 61131.994690, 0.000000, 0.000000, 0.000000, 0.000000, 0.000000
1, 4, 40, 3432448.000000, 20676608.000000, 12051426.918293, 4971961.395549, 12058623.000000, 18939903.000000, 20512767.000000, 20692991.000000, 15207.000000, 15248.000000, 15232.250000, 11.486405, 15239.000000, 15247.000000, 15255.000000, 15255.000000, 59998691.000000, 3655554.000000, 2642965542.000000, 60927.229229, 0.000000, 0.000000, 0.000000, 0.000000, 0.000000
1, 4, 40, 2947072.000000, 19644416.000000, 11261700.369785, 4749975.700649, 11255807.000000, 17858559.000000, 19349503.000000, 19644415.000000, 15401.000000, 15448.000000, 15426.888889, 13.875994, 15431.000000, 15447.000000, 15455.000000, 15455.000000, 59998831.000000, 3699982.000000, 2675086986.000000, 61667.568156, 0.000000, 0.000000, 0.000000, 0.000000, 0.000000
1, 4, 40, 3293184.000000, 19775488.000000, 11519309.997658, 4751600.334578, 11517951.000000, 18120703.000000, 19595263.000000, 19791871.000000, 15234.000000, 15281.000000, 15257.750000, 14.033442, 15263.000000, 15279.000000, 15287.000000, 15287.000000, 59998769.000000, 3660274.000000, 2646378102.000000, 61005.818303, 0.000000, 0.000000, 0.000000, 0.000000, 0.000000
1, 4, 40, 3323904.000000, 20004864.000000, 11621030.916430, 4790887.726899, 11616255.000000, 18268159.000000, 19791871.000000, 20004863.000000, 14989.000000, 15069.000000, 15020.500000, 22.265444, 15015.000000, 15055.000000, 15071.000000, 15071.000000, 59998684.000000, 3602696.000000, 2604749208.000000, 60046.250348, 0.000000, 0.000000, 0.000000, 0.000000, 0.000000
1, 4, 40, 2781184.000000, 18300928.000000, 10536957.372674, 4463782.222965, 10551295.000000, 16719871.000000, 18120703.000000, 18300927.000000, 15326.000000, 15388.000000, 15359.368421, 16.582205, 15359.000000, 15383.000000, 15391.000000, 15391.000000, 59998847.000000, 3667120.000000, 2651327760.000000, 61119.841186, 0.000000, 0.000000, 0.000000, 0.000000, 0.000000
1, 4, 40, 3035136.000000, 18415616.000000, 10645136.072385, 4369010.892836, 10657791.000000, 16695295.000000, 18071551.000000, 18431999.000000, 15282.000000, 15377.000000, 15328.888889, 22.412519, 15335.000000, 15359.000000, 15383.000000, 15383.000000, 59998783.000000, 3675095.000000, 2657093685.000000, 61252.825745, 0.000000, 0.000000, 0.000000, 0.000000, 0.000000
1, 4, 40, 2676736.000000, 17661952.000000, 10161549.541166, 4304703.723411, 10166271.000000, 16130047.000000, 17481727.000000, 17678335.000000, 15225.000000, 15275.000000, 15255.800000, 11.311941, 15255.000000, 15271.000000, 15279.000000, 15279.000000, 59998790.000000, 3641930.000000, 2633115390.000000, 60700.057451, 0.000000, 0.000000, 0.000000, 0.000000, 0.000000
1, 4, 40, 2885632.000000, 17367040.000000, 10113024.790568, 4163569.434709, 10117119.000000, 15884287.000000, 17186815.000000, 17383423.000000, 15255.000000, 15315.000000, 15290.000000, 14.031710, 15287.000000, 15311.000000, 15319.000000, 15319.000000, 59998768.000000, 3667564.000000, 2651648772.000000, 61127.321814, 0.000000, 0.000000, 0.000000, 0.000000, 0.000000
1, 4, 40, 2521088.000000, 16695296.000000, 9616641.339774, 4069426.619755, 9625599.000000, 15253503.000000, 16515071.000000, 16695295.000000, 15228.000000, 15277.000000, 15255.600000, 11.993331, 15263.000000, 15271.000000, 15279.000000, 15279.000000, 59998796.000000, 3660258.000000, 2646366534.000000, 61005.524178, 0.000000, 0.000000, 0.000000, 0.000000, 0.000000
1, 4, 40, 2686976.000000, 16523264.000000, 9512675.779823, 3921969.755898, 9519103.000000, 14950399.000000, 16171007.000000, 16523263.000000, 15233.000000, 15324.000000, 15292.800000, 21.894291, 15295.000000, 15319.000000, 15327.000000, 15327.000000, 59998787.000000, 3668864.000000, 2652588672.000000, 61148.969562, 0.000000, 0.000000, 0.000000, 0.000000, 0.000000
1, 4, 40, 2729984.000000, 16367616.000000, 9537562.302337, 3930230.049874, 9551871.000000, 14983167.000000, 16211967.000000, 16367615.000000, 15066.000000, 15138.000000, 15100.200000, 22.162130, 15095.000000, 15135.000000, 15143.000000, 15143.000000, 59998807.000000, 3621374.000000, 2618253402.000000, 60357.433440, 0.000000, 0.000000, 0.000000, 0.000000, 0.000000
1, 4, 40, 2498560.000000, 14991360.000000, 8716463.165459, 3593159.008221, 8716287.000000, 13713407.000000, 14835711.000000, 14991359.000000, 15343.000000, 15434.000000, 15388.909091, 26.213995, 15399.000000, 15415.000000, 15439.000000, 15439.000000, 59998798.000000, 3691367.000000, 2668858341.000000, 61524.015864, 0.000000, 0.000000, 0.000000, 0.000000, 0.000000
1, 4, 40, 2441216.000000, 14802944.000000, 8605626.971195, 3547324.980358, 8609791.000000, 13524991.000000, 14630911.000000, 14802943.000000, 15252.000000, 15287.000000, 15271.454545, 8.595598, 15271.000000, 15287.000000, 15287.000000, 15287.000000, 59998635.000000, 3663739.000000, 2648883297.000000, 61063.705866, 0.000000, 0.000000, 0.000000, 0.000000, 0.000000
1, 4, 40, 2349056.000000, 14434304.000000, 8305232.181366, 3423602.231675, 8306687.000000, 13049855.000000, 14123007.000000, 14442495.000000, 15215.000000, 15301.000000, 15253.454545, 15.376272, 15255.000000, 15279.000000, 15303.000000, 15303.000000, 59998755.000000, 3659512.000000, 2645827176.000000, 60993.132274, 0.000000, 0.000000, 0.000000, 0.000000, 0.000000
1, 4, 40, 2336768.000000, 14295040.000000, 8290595.416203, 3408231.682349, 8302591.000000, 13008895.000000, 14065663.000000, 14303231.000000, 15056.000000, 15120.000000, 15086.000000, 17.653225, 15087.000000, 15111.000000, 15127.000000, 15127.000000, 59998742.000000, 3618257.000000, 2615999811.000000, 60305.547740, 0.000000, 0.000000, 0.000000, 0.000000, 0.000000
1, 4, 40, 1997824.000000, 13336576.000000, 7649265.265660, 3237422.999316, 7655423.000000, 12132351.000000, 13139967.000000, 13336575.000000, 15075.000000, 15159.000000, 15120.769231, 24.217457, 15119.000000, 15159.000000, 15159.000000, 15159.000000, 59998803.000000, 3605738.000000, 2606948574.000000, 60096.832265, 0.000000, 0.000000, 0.000000, 0.000000, 0.000000
1, 4, 40, 1985536.000000, 11968512.000000, 6974141.780459, 2873182.733174, 6979583.000000, 10960895.000000, 11853823.000000, 11968511.000000, 15383.000000, 15434.000000, 15412.153846, 13.988161, 15415.000000, 15431.000000, 15439.000000, 15439.000000, 59998731.000000, 3697781.000000, 2673495663.000000, 61630.986829, 0.000000, 0.000000, 0.000000, 0.000000, 0.000000
1, 4, 40, 2029568.000000, 12320768.000000, 7150257.093454, 2946925.234224, 7151615.000000, 11239423.000000, 12156927.000000, 12328959.000000, 15100.000000, 15148.000000, 15119.692308, 9.979861, 15119.000000, 15135.000000, 15143.000000, 15151.000000, 59998770.000000, 3626893.000000, 2622243639.000000, 60449.455881, 0.000000, 0.000000, 0.000000, 0.000000, 0.000000
1, 4, 40, 1893376.000000, 11657216.000000, 6758440.509104, 2788610.129894, 6766591.000000, 10616831.000000, 11493375.000000, 11657215.000000, 15102.000000, 15201.000000, 15131.285714, 18.899843, 15135.000000, 15159.000000, 15175.000000, 15207.000000, 59998776.000000, 3630322.000000, 2624722806.000000, 60506.601001, 0.000000, 0.000000, 0.000000, 0.000000, 0.000000
1, 4, 40, 1675264.000000, 10010624.000000, 5833351.389415, 2392847.569026, 5828607.000000, 9158655.000000, 9904127.000000, 10018815.000000, 15388.000000, 15500.000000, 15427.750000, 23.789441, 15423.000000, 15447.000000, 15503.000000, 15503.000000, 59998839.000000, 3699303.000000, 2674596069.000000, 61656.243048, 0.000000, 0.000000, 0.000000, 0.000000, 0.000000
1, 4, 40, 1688576.000000, 10600448.000000, 6007023.814287, 2474899.020612, 6008831.000000, 9437183.000000, 10215423.000000, 10608639.000000, 15080.000000, 15159.000000, 15120.000000, 16.792856, 15119.000000, 15143.000000, 15159.000000, 15159.000000, 59998796.000000, 3626870.000000, 2622227010.000000, 60449.046344, 0.000000, 0.000000, 0.000000, 0.000000, 0.000000
1, 4, 40, 1396736.000000, 9306112.000000, 5338358.200401, 2262404.585651, 5337087.000000, 8478719.000000, 9191423.000000, 9306111.000000, 15148.000000, 15204.000000, 15178.947368, 14.117826, 15183.000000, 15199.000000, 15207.000000, 15207.000000, 59998896.000000, 3633049.000000, 2626694427.000000, 60551.930822, 0.000000, 0.000000, 0.000000, 0.000000, 0.000000
1, 4, 40, 1280000.000000, 8372224.000000, 4809877.820265, 2035221.061530, 4796415.000000, 7643135.000000, 8286207.000000, 8372223.000000, 15180.000000, 15317.000000, 15242.095238, 34.687592, 15239.000000, 15303.000000, 15319.000000, 15319.000000, 59998848.000000, 3646621.000000, 2636506983.000000, 60778.183608, 0.000000, 0.000000, 0.000000, 0.000000, 0.000000
1, 4, 40, 1271808.000000, 7651328.000000, 4455857.509246, 1826359.728125, 4456447.000000, 6987775.000000, 7557119.000000, 7655423.000000, 15205.000000, 15362.000000, 15280.952381, 32.727557, 15279.000000, 15311.000000, 15359.000000, 15367.000000, 59998767.000000, 3665002.000000, 2649796446.000000, 61084.621956, 0.000000, 0.000000, 0.000000, 0.000000, 0.000000
1, 4, 40, 875008.000000, 6029312.000000, 3400172.003923, 1448338.583126, 3399679.000000, 5410815.000000, 5881855.000000, 6033407.000000, 15477.000000, 15571.000000, 15525.365854, 19.746881, 15527.000000, 15551.000000, 15567.000000, 15575.000000, 59998737.000000, 3712781.000000, 2684340663.000000, 61880.985928, 0.000000, 0.000000, 0.000000, 0.000000, 0.000000
1, 4, 40, 990208.000000, 5918720.000000, 3442220.538084, 1410225.057053, 3438591.000000, 5406719.000000, 5849087.000000, 5922815.000000, 15287.000000, 15385.000000, 15338.962963, 18.510220, 15343.000000, 15367.000000, 15391.000000, 15391.000000, 59998792.000000, 3677603.000000, 2658906969.000000, 61294.617398, 0.000000, 0.000000, 0.000000, 0.000000, 0.000000
1, 4, 40, 621056.000000, 4833280.000000, 2639615.587958, 1129195.861018, 2635775.000000, 4202495.000000, 4616191.000000, 4837375.000000, 15395.000000, 15504.000000, 15452.506329, 20.419570, 15455.000000, 15479.000000, 15503.000000, 15511.000000, 59998823.000000, 3694567.000000, 2671171941.000000, 61577.324609, 0.000000, 0.000000, 0.000000, 0.000000, 0.000000
1, 4, 40, 731648.000000, 4407296.000000, 2569461.364509, 1056747.724223, 2574335.000000, 4034559.000000, 4358143.000000, 4411391.000000, 15257.000000, 15365.000000, 15297.945946, 19.197334, 15303.000000, 15319.000000, 15359.000000, 15367.000000, 59998698.000000, 3668628.000000, 2652418044.000000, 61145.126849, 0.000000, 0.000000, 0.000000, 0.000000, 0.000000
1, 4, 40, 502784.000000, 3112960.000000, 1792465.295666, 732969.510186, 1794047.000000, 2809855.000000, 3045375.000000, 3112959.000000, 15368.000000, 15514.000000, 15429.471698, 22.519261, 15431.000000, 15463.000000, 15495.000000, 15519.000000, 59998807.000000, 3699277.000000, 2674577271.000000, 61655.842590, 0.000000, 0.000000, 0.000000, 0.000000, 0.000000
1, 4, 40, 505856.000000, 3393536.000000, 1875570.245741, 764914.187930, 1870847.000000, 2932735.000000, 3225599.000000, 3395583.000000, 15077.000000, 15239.000000, 15157.640000, 29.266199, 15151.000000, 15199.000000, 15231.000000, 15239.000000, 59998767.000000, 3633278.000000, 2626859994.000000, 60555.877757, 0.000000, 0.000000, 0.000000, 0.000000, 0.000000
1, 4, 40, 280832.000000, 1825792.000000, 1010427.882399, 419129.307700, 997887.000000, 1596415.000000, 1761279.000000, 1825791.000000, 15156.000000, 15461.000000, 15305.464481, 44.300484, 15311.000000, 15359.000000, 15423.000000, 15463.000000, 59998756.000000, 3667860.000000, 2651862780.000000, 61132.267476, 0.000000, 0.000000, 0.000000, 0.000000, 0.000000
1, 4, 40, 176512.000000, 993280.000000, 568863.887713, 223880.867362, 575999.000000, 876031.000000, 959999.000000, 993791.000000, 15124.000000, 15451.000000, 15279.689320, 50.898025, 15279.000000, 15351.000000, 15423.000000, 15455.000000, 59998820.000000, 3658472.000000, 2645075256.000000, 60975.732523, 0.000000, 0.000000, 0.000000, 0.000000, 0.000000
1, 4, 40, 11200.000000, 385280.000000, 105896.387913, 64919.840690, 93759.000000, 189823.000000, 311295.000000, 385535.000000, 14520.000000, 15723.000000, 15346.179628, 153.533277, 15343.000000, 15551.000000, 15663.000000, 15727.000000, 59998743.000000, 3646832.000000, 2636659536.000000, 60781.806712, 0.000000, 0.000000, 0.000000, 0.000000, 0.000000
1, 4, 40, 62.000000, 34816.000000, 1304.315296, 855.292177, 1151.000000, 2101.000000, 2937.000000, 33887.000000, 11300.000000, 18555.000000, 15838.568739, 928.362588, 15503.000000, 16895.000000, 17343.000000, 18559.000000, 59998701.000000, 3598496.000000, 2601712608.000000, 59976.231819, 0.000000, 0.000000, 0.000000, 0.000000, 0.000000
1, 4, 40, 61.000000, 4020.000000, 1211.037444, 542.119781, 1094.000000, 1997.000000, 2799.000000, 3811.000000, 11700.000000, 19555.000000, 15565.616876, 1217.442190, 15559.000000, 17231.000000, 18111.000000, 19567.000000, 59998798.000000, 3538525.000000, 2558353575.000000, 58976.598165, 0.000000, 0.000000, 0.000000, 0.000000, 0.000000
1, 4, 40, 60.000000, 52096.000000, 1211.433670, 638.973516, 1097.000000, 1995.000000, 2789.000000, 47455.000000, 11700.000000, 19777.000000, 15306.653233, 1210.492226, 15303.000000, 17007.000000, 18111.000000, 19791.000000, 59998798.000000, 3478567.000000, 2515003941.000000, 57977.278145, 0.000000, 0.000000, 0.000000, 0.000000, 0.000000
1, 4, 40, 62.000000, 3984.000000, 1214.035854, 539.339437, 1105.000000, 1990.000000, 2775.000000, 3745.000000, 11300.000000, 19222.000000, 15042.567033, 1189.350638, 15007.000000, 16671.000000, 17791.000000, 19231.000000, 59998794.000000, 3418563.000000, 2471621049.000000, 56977.195242, 0.000000, 0.000000, 0.000000, 0.000000, 0.000000
1, 4, 40, 63.000000, 4332.000000, 1215.567389, 559.797959, 1113.000000, 2013.000000, 2801.000000, 3829.000000, 10400.000000, 18666.000000, 14769.688381, 1055.843205, 14783.000000, 16007.000000, 17407.000000, 18671.000000, 59998816.000000, 3358602.000000, 2428269246.000000, 55977.804629, 0.000000, 0.000000, 0.000000, 0.000000, 0.000000
1, 4, 40, 64.000000, 89152.000000, 1235.111296, 1160.032362, 1117.000000, 2019.000000, 2815.000000, 87615.000000, 10200.000000, 19222.000000, 14507.442014, 1042.529283, 14447.000000, 15783.000000, 17119.000000, 19231.000000, 59998804.000000, 3298649.000000, 2384923227.000000, 54978.579240, 0.000000, 0.000000, 0.000000, 0.000000, 0.000000
1, 4, 40, 61.000000, 32288.000000, 1227.053986, 600.503968, 1127.000000, 2030.000000, 2815.000000, 29887.000000, 10900.000000, 18333.000000, 14249.023125, 1034.910382, 14207.000000, 15559.000000, 16783.000000, 18335.000000, 59998778.000000, 3238663.000000, 2341553349.000000, 53978.816035, 0.000000, 0.000000, 0.000000, 0.000000, 0.000000
1, 4, 40, 62.000000, 25552.000000, 1235.472347, 591.157045, 1144.000000, 2055.000000, 2837.000000, 22207.000000, 10000.000000, 18222.000000, 13981.673074, 1087.455593, 13903.000000, 15447.000000, 16447.000000, 18223.000000, 59999759.000000, 3178719.000000, 2298213837.000000, 52978.862798, 0.000000, 0.000000, 0.000000, 0.000000, 0.000000
1, 4, 40, 61.000000, 71296.000000, 1252.518863, 846.796590, 1156.000000, 2061.000000, 2851.000000, 68159.000000, 10100.000000, 17555.000000, 13715.607249, 1087.016935, 13671.000000, 15111.000000, 16223.000000, 17567.000000, 59998747.000000, 3105442.000000, 2245234566.000000, 51758.447556, 0.000000, 0.000000, 0.000000, 0.000000, 0.000000
1, 4, 40, 62.000000, 4244.000000, 1243.286252, 585.789589, 1161.000000, 2063.000000, 2835.000000, 3777.000000, 9900.000000, 17333.000000, 13451.783235, 1056.468188, 13407.000000, 14807.000000, 15895.000000, 17343.000000, 59998734.000000, 3058729.000000, 2211461067.000000, 50979.892342, 0.000000, 0.000000, 0.000000, 0.000000, 0.000000
1, 4, 40, 58.000000, 30416.000000, 1256.250517, 607.026053, 1180.000000, 2083.000000, 2849.000000, 24447.000000, 9800.000000, 17111.000000, 13183.974682, 1027.840878, 13207.000000, 14503.000000, 15671.000000, 17119.000000, 59998768.000000, 2998778.000000, 2168116494.000000, 49980.659603, 0.000000, 0.000000, 0.000000, 0.000000, 0.000000
1, 4, 40, 60.000000, 73024.000000, 1272.639465, 1075.305666, 1182.000000, 2081.000000, 2845.000000, 71807.000000, 8900.000000, 19222.000000, 12919.459231, 1012.433427, 12895.000000, 14223.000000, 15335.000000, 19231.000000, 59999352.000000, 2938791.000000, 2124745893.000000, 48980.378988, 0.000000, 0.000000, 0.000000, 0.000000, 0.000000
1, 4, 40, 60.000000, 38688.000000, 1268.754958, 658.287991, 1197.000000, 2093.000000, 2833.000000, 36799.000000, 9000.000000, 18111.000000, 12661.026022, 990.030194, 12607.000000, 14007.000000, 15007.000000, 18111.000000, 59998721.000000, 2878791.000000, 2081365893.000000, 47980.872792, 0.000000, 0.000000, 0.000000, 0.000000, 0.000000
1, 4, 40, 55.000000, 57632.000000, 1270.191129, 695.043289, 1202.000000, 2091.000000, 2823.000000, 52031.000000, 9000.000000, 19333.000000, 12393.661322, 978.672583, 12407.000000, 13671.000000, 14671.000000, 19343.000000, 59998992.000000, 2818802.000000, 2037993846.000000, 46980.822611, 0.000000, 0.000000, 0.000000, 0.000000, 0.000000
1, 4, 40, 55.000000, 3838.000000, 1265.349961, 598.051128, 1207.000000, 2091.000000, 2801.000000, 3673.000000, 9000.000000, 15888.000000, 12132.153220, 947.205047, 12103.000000, 13335.000000, 14335.000000, 15895.000000, 59999636.000000, 2758835.000000, 1994637705.000000, 45980.862284, 0.000000, 0.000000, 0.000000, 0.000000, 0.000000
1, 4, 40, 60.000000, 3774.000000, 1254.380595, 594.072542, 1202.000000, 2073.000000, 2765.000000, 3649.000000, 9000.000000, 15222.000000, 11861.573217, 896.954771, 11807.000000, 13007.000000, 14007.000000, 15223.000000, 59999327.000000, 2698899.000000, 1951303977.000000, 44982.154550, 0.000000, 0.000000, 0.000000, 0.000000, 0.000000
1, 4, 40, 60.000000, 4352.000000, 1244.715379, 582.888929, 1187.000000, 2040.000000, 2739.000000, 3673.000000, 8700.000000, 14777.000000, 11605.590834, 870.803698, 11607.000000, 12783.000000, 13671.000000, 14783.000000, 59999046.000000, 2616713.000000, 1891883499.000000, 43612.576773, 0.000000, 0.000000, 0.000000, 0.000000, 0.000000
1, 4, 40, 53.000000, 3714.000000, 1261.245341, 594.803691, 1213.000000, 2083.000000, 2747.000000, 3613.000000, 8500.000000, 14222.000000, 11336.658625, 819.943351, 11303.000000, 12407.000000, 13335.000000, 14223.000000, 59999695.000000, 2578936.000000, 1864570728.000000, 42982.485161, 0.000000, 0.000000, 0.000000, 0.000000, 0.000000
1, 4, 40, 60.000000, 20144.000000, 1239.147671, 587.527558, 1192.000000, 2041.000000, 2707.000000, 14999.000000, 8300.000000, 14111.000000, 11067.651300, 790.442437, 11007.000000, 12111.000000, 13007.000000, 14111.000000, 59999605.000000, 2508024.000000, 1813301352.000000, 41800.675188, 0.000000, 0.000000, 0.000000, 0.000000, 0.000000
1, 4, 40, 57.000000, 3732.000000, 1235.589678, 589.376797, 1194.000000, 2049.000000, 2699.000000, 3543.000000, 8100.000000, 13777.000000, 10799.508851, 744.486321, 10783.000000, 11783.000000, 12559.000000, 13783.000000, 59999301.000000, 2458968.000000, 1777833864.000000, 40983.277455, 0.000000, 0.000000, 0.000000, 0.000000, 0.000000
1, 4, 40, 57.000000, 63840.000000, 1181.133161, 729.010954, 1129.000000, 1990.000000, 2635.000000, 58783.000000, 8200.000000, 15777.000000, 10532.659089, 709.092692, 10503.000000, 11447.000000, 12223.000000, 15783.000000, 59999442.000000, 2399021.000000, 1734492183.000000, 39984.055185, 0.000000, 0.000000, 0.000000, 0.000000, 0.000000
1, 4, 40, 58.000000, 3624.000000, 1214.290087, 576.701740, 1170.000000, 1997.000000, 2685.000000, 3521.000000, 7900.000000, 12888.000000, 10275.107937, 687.750445, 10223.000000, 11111.000000, 12007.000000, 12895.000000, 59999723.000000, 2328907.000000, 1683799761.000000, 38815.295864, 0.000000, 0.000000, 0.000000, 0.000000, 0.000000
1, 4, 40, 58.000000, 3724.000000, 1224.288215, 583.629807, 1178.000000, 2016.000000, 2697.000000, 3521.000000, 7800.000000, 12777.000000, 10014.221316, 663.819596, 10007.000000, 10895.000000, 11671.000000, 12783.000000, 59999367.000000, 2279048.000000, 1647751704.000000, 37984.534070, 0.000000, 0.000000, 0.000000, 0.000000, 0.000000
1, 4, 40, 58.000000, 10816.000000, 1213.335549, 564.847209, 1164.000000, 1969.000000, 2681.000000, 5491.000000, 7400.000000, 12111.000000, 9758.101006, 643.077325, 9783.000000, 10559.000000, 11335.000000, 12111.000000, 59999540.000000, 2210038.000000, 1597857474.000000, 36834.249063, 0.000000, 0.000000, 0.000000, 0.000000, 0.000000
1, 4, 40, 56.000000, 69952.000000, 1220.115340, 672.489054, 1165.000000, 1966.000000, 2695.000000, 61887.000000, 7300.000000, 14555.000000, 9491.791782, 615.191383, 9503.000000, 10223.000000, 11007.000000, 14559.000000, 59999533.000000, 2159126.000000, 1561048098.000000, 35985.713422, 0.000000, 0.000000, 0.000000, 0.000000, 0.000000
1, 4, 40, 58.000000, 49376.000000, 1225.923518, 664.817929, 1166.000000, 1981.000000, 2731.000000, 46111.000000, 6900.000000, 16000.000000, 9228.834892, 601.745861, 9207.000000, 10007.000000, 10671.000000, 16007.000000, 59999467.000000, 2099134.000000, 1517673882.000000, 34985.877458, 0.000000, 0.000000, 0.000000, 0.000000, 0.000000
1, 4, 40, 57.000000, 3516.000000, 1207.765240, 559.831953, 1153.000000, 1949.000000, 2705.000000, 3355.000000, 7000.000000, 11222.000000, 8963.415473, 567.022588, 8903.000000, 9671.000000, 10335.000000, 11223.000000, 59999311.000000, 2039152.000000, 1474306896.000000, 33986.256942, 0.000000, 0.000000, 0.000000, 0.000000, 0.000000
1, 4, 40, 56.000000, 18960.000000, 1176.599040, 556.446128, 1124.000000, 1903.000000, 2663.000000, 14199.000000, 6600.000000, 10777.000000, 8692.506458, 549.594679, 8671.000000, 9447.000000, 10007.000000, 10783.000000, 59999544.000000, 1979189.000000, 1430953647.000000, 32986.734033, 0.000000, 0.000000, 0.000000, 0.000000, 0.000000
1, 4, 40, 56.000000, 88384.000000, 1139.021814, 903.148319, 1090.000000, 1825.000000, 2551.000000, 84351.000000, 6200.000000, 15800.000000, 8420.804526, 529.665251, 8407.000000, 9111.000000, 9671.000000, 15807.000000, 59999725.000000, 1919228.000000, 1387601844.000000, 31987.279942, 0.000000, 0.000000, 0.000000, 0.000000, 0.000000
1, 4, 40, 57.000000, 3688.000000, 1097.050777, 519.378962, 1063.000000, 1784.000000, 2445.000000, 3191.000000, 6500.000000, 10111.000000, 8155.198612, 496.813874, 8111.000000, 8783.000000, 9335.000000, 10111.000000, 59999228.000000, 1859228.000000, 1344221844.000000, 30987.532040, 0.000000, 0.000000, 0.000000, 0.000000, 0.000000
1, 4, 40, 57.000000, 3244.000000, 1074.918858, 502.910878, 1048.000000, 1749.000000, 2339.000000, 3131.000000, 6300.000000, 9888.000000, 7884.222848, 469.978874, 7891.000000, 8559.000000, 9007.000000, 9895.000000, 59999493.000000, 1799277.000000, 1300877271.000000, 29988.203400, 0.000000, 0.000000, 0.000000, 0.000000, 0.000000
1, 4, 40, 55.000000, 38880.000000, 1059.557482, 512.370906, 1028.000000, 1727.000000, 2261.000000, 30431.000000, 6000.000000, 10700.000000, 7630.031486, 452.344310, 7603.000000, 8223.000000, 8783.000000, 10703.000000, 59999165.000000, 1739284.000000, 1257502332.000000, 28988.470090, 0.000000, 0.000000, 0.000000, 0.000000, 0.000000
1, 4, 40, 59.000000, 27040.000000, 954.901401, 471.327229, 886.000000, 1612.000000, 2045.000000, 22783.000000, 5600.000000, 10600.000000, 7382.144172, 428.885351, 7335.000000, 7891.000000, 8447.000000, 10607.000000, 59999657.000000, 1672067.000000, 1208904441.000000, 27867.942645, 0.000000, 0.000000, 0.000000, 0.000000, 0.000000
1, 4, 40, 56.000000, 3630.000000, 994.152950, 457.097254, 968.000000, 1622.000000, 2029.000000, 2751.000000, 5900.000000, 8555.000000, 7115.784099, 394.847174, 7103.000000, 7555.000000, 8111.000000, 8559.000000, 59999145.000000, 1619352.000000, 1170791496.000000, 26989.584602, 0.000000, 0.000000, 0.000000, 0.000000, 0.000000
1, 4, 40, 58.000000, 31712.000000, 963.735381, 450.382777, 943.000000, 1550.000000, 1914.000000, 26127.000000, 5200.000000, 9444.000000, 6887.853120, 385.068547, 6891.000000, 7335.000000, 7779.000000, 9447.000000, 59999675.000000, 1553011.000000, 1122826953.000000, 25883.656870, 0.000000, 0.000000, 0.000000, 0.000000, 0.000000
1, 4, 40, 57.000000, 2872.000000, 952.141778, 420.271501, 936.000000, 1529.000000, 1861.000000, 2497.000000, 5100.000000, 8000.000000, 6631.705998, 362.686799, 6667.000000, 7003.000000, 7667.000000, 8003.000000, 59999212.000000, 1492897.000000, 1079364531.000000, 24881.943450, 0.000000, 0.000000, 0.000000, 0.000000, 0.000000
1, 4, 40, 58.000000, 2416.000000, 912.048519, 389.536083, 899.000000, 1447.000000, 1721.000000, 2291.000000, 5000.000000, 7777.000000, 6347.816390, 384.812443, 6335.000000, 6779.000000, 7335.000000, 7779.000000, 60000099.000000, 1433568.000000, 1036469664.000000, 23892.760577, 0.000000, 0.000000, 0.000000, 0.000000, 0.000000
1, 4, 40, 60.000000, 2464.000000, 906.777247, 404.881933, 891.000000, 1460.000000, 1727.000000, 2293.000000, 5000.000000, 7333.000000, 6069.328066, 295.100330, 6003.000000, 6447.000000, 6779.000000, 7335.000000, 59999696.000000, 1379455.000000, 997345965.000000, 22991.033155, 0.000000, 0.000000, 0.000000, 0.000000, 0.000000
1, 4, 40, 59.000000, 24512.000000, 907.458368, 409.802561, 887.000000, 1462.000000, 1744.000000, 5887.000000, 4700.000000, 7333.000000, 5794.235543, 281.481972, 5803.000000, 6111.000000, 6555.000000, 7335.000000, 59999354.000000, 1319474.000000, 953979702.000000, 21991.470108, 0.000000, 0.000000, 0.000000, 0.000000, 0.000000
1, 4, 40, 61.000000, 3422.000000, 890.160834, 403.319579, 880.000000, 1438.000000, 1697.000000, 2683.000000, 4545.000000, 6666.000000, 5521.701384, 253.794467, 5503.000000, 5803.000000, 6223.000000, 6667.000000, 59999457.000000, 1259500.000000, 910618500.000000, 20991.856643, 0.000000, 0.000000, 0.000000, 0.000000, 0.000000
1, 4, 40, 59.000000, 2910.000000, 888.770135, 411.091428, 878.000000, 1455.000000, 1696.000000, 2307.000000, 4000.000000, 6444.000000, 5284.661320, 236.162732, 5303.000000, 5555.000000, 5891.000000, 6447.000000, 59999715.000000, 1199527.000000, 867258021.000000, 19992.211630, 0.000000, 0.000000, 0.000000, 0.000000, 0.000000
1, 4, 40, 57.000000, 10256.000000, 879.453331, 386.470369, 875.000000, 1404.000000, 1664.000000, 6431.000000, 3818.000000, 6444.000000, 4962.390105, 274.577889, 5003.000000, 5335.000000, 5555.000000, 6447.000000, 59999640.000000, 1134612.000000, 820324476.000000, 18910.313462, 0.000000, 0.000000, 0.000000, 0.000000, 0.000000
1, 4, 40, 59.000000, 2812.000000, 901.849429, 411.992275, 904.000000, 1442.000000, 1802.000000, 2235.000000, 3900.000000, 5777.000000, 4715.554795, 225.311013, 4703.000000, 5003.000000, 5335.000000, 5779.000000, 59999494.000000, 1079577.000000, 780534171.000000, 17993.101742, 0.000000, 0.000000, 0.000000, 0.000000, 0.000000
1, 4, 40, 59.000000, 81280.000000, 952.690366, 603.516717, 949.000000, 1500.000000, 1874.000000, 72447.000000, 3000.000000, 9300.000000, 4435.466140, 235.876927, 4403.000000, 4703.000000, 5111.000000, 9303.000000, 59999453.000000, 1019599.000000, 737170077.000000, 16993.471590, 0.000000, 0.000000, 0.000000, 0.000000, 0.000000
1, 4, 40, 56.000000, 3374.000000, 916.645121, 415.175739, 889.000000, 1497.000000, 1813.000000, 2617.000000, 3181.000000, 5333.000000, 4164.105345, 246.194154, 4103.000000, 4447.000000, 4703.000000, 5335.000000, 59999654.000000, 959622.000000, 693806706.000000, 15993.792231, 0.000000, 0.000000, 0.000000, 0.000000, 0.000000
1, 4, 40, 58.000000, 2348.000000, 917.308570, 393.698123, 901.000000, 1471.000000, 1773.000000, 2225.000000, 3000.000000, 5333.000000, 3978.237515, 358.407570, 4001.000000, 4447.000000, 4503.000000, 5335.000000, 60000256.000000, 888178.000000, 642152694.000000, 14802.903508, 0.000000, 0.000000, 0.000000, 0.000000, 0.000000
1, 4, 40, 59.000000, 2262.000000, 942.539019, 395.348174, 936.000000, 1474.000000, 1798.000000, 2201.000000, 2818.000000, 4444.000000, 3634.140864, 289.205956, 3601.000000, 4001.000000, 4447.000000, 4447.000000, 59999465.000000, 836249.000000, 604608027.000000, 13937.607610, 0.000000, 0.000000, 0.000000, 0.000000, 0.000000
1, 4, 40, 60.000000, 73984.000000, 945.177038, 839.378961, 926.000000, 1490.000000, 1829.000000, 71807.000000, 2111.000000, 11000.000000, 3353.762041, 190.561742, 3301.000000, 3555.000000, 3777.000000, 11007.000000, 59999526.000000, 779699.000000, 563722377.000000, 12995.085995, 0.000000, 0.000000, 0.000000, 0.000000, 0.000000
1, 4, 40, 62.000000, 2996.000000, 948.117907, 421.183227, 943.000000, 1506.000000, 1895.000000, 2223.000000, 2500.000000, 3888.000000, 3145.600201, 172.353143, 3101.000000, 3333.000000, 3501.000000, 3889.000000, 59999345.000000, 719721.000000, 520358283.000000, 11995.480951, 0.000000, 0.000000, 0.000000, 0.000000, 0.000000
1, 4, 40, 61.000000, 2290.000000, 976.548770, 430.447751, 969.000000, 1571.000000, 1894.000000, 2231.000000, 2200.000000, 3555.000000, 2862.361245, 164.827450, 2889.000000, 3111.000000, 3223.000000, 3555.000000, 59999630.000000, 659743.000000, 476994189.000000, 10995.784474, 0.000000, 0.000000, 0.000000, 0.000000, 0.000000
1, 4, 40, 60.000000, 18448.000000, 953.124366, 408.446929, 964.000000, 1514.000000, 1878.000000, 10487.000000, 1818.000000, 3333.000000, 2597.749912, 278.387680, 2601.000000, 3001.000000, 3333.000000, 3333.000000, 59999397.000000, 597175.000000, 431757525.000000, 9953.016694, 0.000000, 0.000000, 0.000000, 0.000000, 0.000000
1, 4, 40, 58.000000, 26352.000000, 932.802710, 465.081586, 933.000000, 1510.000000, 1961.000000, 21855.000000, 1555.000000, 3666.000000, 2371.528548, 161.461146, 2333.000000, 2555.000000, 2777.000000, 3667.000000, 59999571.000000, 539800.000000, 390275400.000000, 8996.730993, 0.000000, 0.000000, 0.000000, 0.000000, 0.000000
1, 4, 40, 56.000000, 2454.000000, 915.433579, 411.470240, 898.000000, 1474.000000, 1770.000000, 2319.000000, 1111.000000, 2900.000000, 2071.088243, 183.526439, 2000.000000, 2223.000000, 2701.000000, 2901.000000, 60002155.000000, 479826.000000, 346914198.000000, 7996.812781, 0.000000, 0.000000, 0.000000, 0.000000, 0.000000
1, 4, 40, 57.000000, 2304.000000, 804.496612, 394.448799, 797.000000, 1295.000000, 1852.000000, 2275.000000, 1300.000000, 2333.000000, 1860.442621, 132.965939, 1888.000000, 2000.000000, 2223.000000, 2333.000000, 59999474.000000, 419847.000000, 303549381.000000, 6997.511345, 0.000000, 0.000000, 0.000000, 0.000000, 0.000000
1, 4, 40, 59.000000, 2294.000000, 816.547803, 390.448200, 772.000000, 1316.000000, 1873.000000, 2223.000000, 909.000000, 2222.000000, 1604.369048, 260.160009, 1600.000000, 2000.000000, 2223.000000, 2223.000000, 60000952.000000, 358406.000000, 259127538.000000, 5973.338556, 0.000000, 0.000000, 0.000000, 0.000000, 0.000000
1, 4, 40, 56.000000, 2208.000000, 796.368165, 353.183363, 810.000000, 1261.000000, 1475.000000, 2185.000000, 1000.000000, 1666.000000, 1343.540712, 112.891512, 1333.000000, 1444.000000, 1555.000000, 1666.000000, 60000423.000000, 299899.000000, 216826977.000000, 4998.281429, 0.000000, 0.000000, 0.000000, 0.000000, 0.000000
1, 4, 40, 58.000000, 2290.000000, 923.256652, 477.988662, 847.000000, 1643.000000, 1966.000000, 2249.000000, 555.000000, 1666.000000, 1058.755744, 119.466187, 1100.000000, 1111.000000, 1500.000000, 1666.000000, 60000979.000000, 239926.000000, 173466498.000000, 3998.701421, 0.000000, 0.000000, 0.000000, 0.000000, 0.000000
1, 4, 40, 55.000000, 2308.000000, 895.282140, 451.659374, 890.000000, 1533.000000, 1947.000000, 2215.000000, 555.000000, 1000.000000, 786.862238, 88.802254, 800.000000, 900.000000, 1000.000000, 1000.000000, 60000309.000000, 179947.000000, 130101681.000000, 2999.101221, 0.000000, 0.000000, 0.000000, 0.000000, 0.000000
1, 4, 40, 60.000000, 2146.000000, 885.005285, 380.441677, 850.000000, 1411.000000, 1709.000000, 2141.000000, 200.000000, 888.000000, 535.280243, 120.098109, 555.000000, 666.000000, 800.000000, 888.000000, 60001963.000000, 119974.000000, 86741202.000000, 1999.501250, 0.000000, 0.000000, 0.000000, 0.000000, 0.000000
1, 4, 40, 61.000000, 2470.000000, 953.321915, 456.195966, 947.000000, 1552.000000, 2191.000000, 2471.000000, 0.000000, 1111.000000, 270.596918, 239.115063, 222.000000, 444.000000, 1111.000000, 1111.000000, 60022455.000000, 59741.000000, 43192743.000000, 995.310838, 0.000000, 0.000000, 0.000000, 0.000000, 0.000000
